{
  "voynich": {
    "Herbal": {
      "glyph_jsd": {
        "first": 0.013336925053257506,
        "second": 0.007528604213455501,
        "last": 0.03792928213230222,
        "penult": 0.008609035354676333
      },
      "length_jsd": {
        "first": 0.027815364493478857,
        "second": 0.013264784215123008,
        "last": 0.009536566063722541,
        "penult": 0.005478736118009612
      },
      "counts": {
        "first": 1625,
        "second": 1540,
        "last": 1540,
        "penult": 1504,
        "medial": 4694
      }
    },
    "ALL": {
      "glyph_jsd": {
        "first": 0.01406786386986229,
        "second": 0.004864873333982979,
        "last": 0.03991520326772187,
        "penult": 0.006137841242584787
      },
      "length_jsd": {
        "first": 0.02090284636415511,
        "second": 0.007365010960189607,
        "last": 0.009273919962305303,
        "penult": 0.0023413267659344508
      },
      "counts": {
        "first": 5110,
        "second": 4304,
        "last": 4304,
        "penult": 4121,
        "medial": 19162
      }
    },
    "Astronomical": {
      "glyph_jsd": {
        "first": 0.014439234926541412,
        "second": 0.02522737990742044,
        "last": 0.046887334324497945,
        "penult": 0.01303526726401921
      },
      "length_jsd": {
        "first": 0.05458479588267542,
        "second": 0.036141964856875715,
        "last": 0.023605614243795047,
        "penult": 0.020556733634301078
      },
      "counts": {
        "first": 689,
        "second": 292,
        "last": 292,
        "penult": 187,
        "medial": 1588
      }
    },
    "Biological": {
      "glyph_jsd": {
        "first": 0.016092026501423544,
        "second": 0.007491968733101829,
        "last": 0.041183983010929785,
        "penult": 0.00345907742162996
      },
      "length_jsd": {
        "first": 0.042714724745692594,
        "second": 0.0027795256702417784,
        "last": 0.021035640704024982,
        "penult": 0.004308620160142968
      },
      "counts": {
        "first": 915,
        "second": 790,
        "last": 790,
        "penult": 771,
        "medial": 3625
      }
    },
    "Cosmological": {
      "glyph_jsd": {
        "first": 0.02347466798366525,
        "second": 0.010841649435959588,
        "last": 0.05919638462041016,
        "penult": 0.024577799924455614
      },
      "length_jsd": {
        "first": 0.04701252636406804,
        "second": 0.014550482517244497,
        "last": 0.023029172551813686,
        "penult": 0.012942109785408048
      },
      "counts": {
        "first": 184,
        "second": 183,
        "last": 183,
        "penult": 183,
        "medial": 1043
      }
    },
    "Pharmaceutical": {
      "glyph_jsd": {
        "first": 0.03686863841968227,
        "second": 0.009390457655711639,
        "last": 0.04662799400614769,
        "penult": 0.010159033130704811
      },
      "length_jsd": {
        "first": 0.03528919150891862,
        "second": 0.017163470766054238,
        "last": 0.013620234630038943,
        "penult": 0.01303601894763222
      },
      "counts": {
        "first": 620,
        "second": 424,
        "last": 424,
        "penult": 404,
        "medial": 1876
      }
    },
    "Recipes": {
      "glyph_jsd": {
        "first": 0.03460927345414229,
        "second": 0.011199120418193011,
        "last": 0.054418880157628656,
        "penult": 0.006815213434834782
      },
      "length_jsd": {
        "first": 0.021532886558481814,
        "second": 0.006554196546264631,
        "last": 0.01260911261505821,
        "penult": 0.0024302638183743416
      },
      "counts": {
        "first": 1077,
        "second": 1075,
        "last": 1075,
        "penult": 1072,
        "medial": 6336
      }
    }
  },
  "natural_controls": {
    "Latin (Pliny)": {
      "char_jsd_vs_medial": {
        "first": 0.0016373503274672322,
        "second": 0.0066643426860659456,
        "last": 0.057501159965855204,
        "penult": 0.0054306737995427155
      },
      "length_jsd_vs_medial": {
        "first": 0.019421504917748737,
        "second": 0.06307351615572343,
        "last": 0.2335724114597737,
        "penult": 0.05096731097675467
      },
      "counts": {
        "first": 142799,
        "second": 142799,
        "last": 142799,
        "penult": 100357,
        "medial": 314442
      }
    },
    "Italian (Dante)": {
      "char_jsd_vs_medial": {
        "first": 0.00729676911762457,
        "second": 0.003319064630889514,
        "last": 0.009674897448477833,
        "penult": 0.006823885501981427
      },
      "length_jsd_vs_medial": {
        "first": 0.012276881597005086,
        "second": 0.0074505158600014516,
        "last": 0.18676224377164147,
        "penult": 0.0014699423778236618
      },
      "counts": {
        "first": 3265,
        "second": 3265,
        "last": 3265,
        "penult": 3138,
        "medial": 38738
      }
    },
    "Finnish (Bible)": {
      "char_jsd_vs_medial": {
        "first": 0.009708039251401356,
        "second": 0.0035849113517982378,
        "last": 0.0052820960962506845,
        "penult": 0.0017560202858032882
      },
      "length_jsd_vs_medial": {
        "first": 0.05331066513937706,
        "second": 0.017529559676464593,
        "last": 0.07785067226326967,
        "penult": 0.006931591038598106
      },
      "counts": {
        "first": 35472,
        "second": 35472,
        "last": 35472,
        "penult": 34797,
        "medial": 263595
      }
    },
    "English (P&P)": {
      "char_jsd_vs_medial": {
        "first": 0.022086596158649222,
        "second": 0.00964176584283003,
        "last": 0.018609895659475066,
        "penult": 0.0020206389145887016
      },
      "length_jsd_vs_medial": {
        "first": 0.027630467168920383,
        "second": 0.005887988535110727,
        "last": 0.03303215249881025,
        "penult": 0.004304407490968875
      },
      "counts": {
        "first": 3845,
        "second": 3845,
        "last": 3845,
        "penult": 3744,
        "medial": 33310
      }
    }
  }
}